,rse,site,cloud,queue,datetime,tier_level,corepower,corecount,nodes,transferringlimit,running,queued,transferring,queue_occupancy,finished,failed,queue_efficiency,Avg tombstone,Difference,Free(storage),Min space,Primary diff,Quota(other),Total(storage),Unlocked,Used(dark),Used(other),Used(rucio),SARA-MATRIX_DATADISK_distance,SARA-MATRIX_DATADISK_closeness,rse_weight
0,AGLT2_DATADISK,AGLT2,US,AGLT2,09-28-2021,0.04,-0.079,-0.02,0.111,0.007,0.056,-0.046,-0.035,0.279,-0.016,0.007,-0.007,0.086,-0.054,-0.014,0.31,-0.328,-0.105,0.068,0.65,0.251,-0.09,0.066,-0.101,0.101,0.392
1,CERN-PROD_DATADISK,CERN-PROD,CERN,ANALY_CERN_T0_ART,09-28-2021,-0.627,0.366,-0.02,-0.036,-0.047,-0.053,-0.04,-0.112,-0.086,-0.091,-0.048,0.049,-0.107,-0.079,-0.036,0.31,0.476,-0.105,0.714,0.677,0.163,-0.09,0.731,-0.101,0.101,0.6299999999999999
2,CERN-PROD_DATADISK,CERN-PROD,CERN,CERN,09-28-2021,-0.627,-0.166,-0.02,-0.036,-0.047,0.054,0.471,0.431,-0.083,0.407,0.947,-0.176,-0.107,-0.079,-0.036,0.31,0.476,-0.105,0.714,0.677,0.163,-0.09,0.731,-0.101,0.101,0.951
3,CERN-PROD_DATADISK,CERN-PROD,CERN,CERN-AZURE,09-28-2021,-0.627,-0.166,-0.02,-0.036,-0.047,-0.053,-0.04,-0.112,-0.086,-0.082,-0.041,0.013,-0.107,-0.079,-0.036,0.31,0.476,-0.105,0.714,0.677,0.163,-0.09,0.731,-0.101,0.101,0.594
4,CERN-PROD_DATADISK,CERN-PROD,CERN,CERN-EXTENSION_KUBERNETES,09-28-2021,0.373,-0.166,-0.02,-0.036,-0.047,-0.054,-0.055,-0.101,-0.076,-0.079,-0.034,-0.024,-0.107,-0.079,-0.036,0.31,0.476,-0.105,0.714,0.677,0.163,-0.09,0.731,-0.101,0.101,0.578
5,CERN-PROD_DATADISK,CERN-PROD,CERN,CERN-HPC_ES,09-28-2021,-0.627,-0.166,0.491,-0.036,-0.047,-0.057,-0.066,-0.112,-0.097,-0.099,-0.029,-0.508,-0.107,-0.079,-0.036,0.31,0.476,-0.105,0.714,0.677,0.163,-0.09,0.731,-0.101,0.101,0.06199999999999997
6,CERN-PROD_DATADISK,CERN-PROD,CERN,CERN-IPV6,09-28-2021,-0.627,-0.166,-0.02,-0.036,-0.047,-0.058,-0.066,-0.112,-0.092,-0.096,-0.051,0.065,-0.107,-0.079,-0.036,0.31,0.476,-0.105,0.714,0.677,0.163,-0.09,0.731,-0.101,0.101,0.6399999999999999
7,CERN-PROD_DATADISK,CERN-PROD,CERN,CERN-P1,09-28-2021,0.373,-0.32,0.15,-0.036,0.926,0.074,0.679,0.355,-0.085,0.135,-0.004,0.082,-0.107,-0.079,-0.036,0.31,0.476,-0.105,0.714,0.677,0.163,-0.09,0.731,-0.101,0.101,1.131
8,CERN-PROD_DATADISK,CERN-PROD,CERN,CERN-PROD_EOS,09-28-2021,-0.627,-0.166,-0.02,-0.036,-0.047,-0.05,-0.056,-0.08,-0.049,-0.079,-0.039,0.013,-0.107,-0.079,-0.036,0.31,0.476,-0.105,0.714,0.677,0.163,-0.09,0.731,-0.101,0.101,0.6629999999999999
9,CERN-PROD_DATADISK,CERN-PROD,CERN,CERN-T0,09-28-2021,-0.627,-0.293,-0.02,-0.036,-0.047,0.084,0.291,0.567,-0.07,0.403,0.17,0.037,-0.107,-0.079,-0.036,0.31,0.476,-0.105,0.714,0.677,0.163,-0.09,0.731,-0.101,0.101,1.313
10,CERN-PROD_DATADISK,INFN-ROMA3,IT,INFN-ROMA3,09-28-2021,0.373,-0.166,-0.02,-0.036,-0.047,-0.054,-0.058,-0.107,-0.067,-0.099,-0.052,0.096,-0.107,-0.079,-0.036,0.31,0.476,-0.105,0.714,0.677,0.163,-0.09,0.731,-0.101,0.101,0.701
11,MWT2_DATADISK,MWT2,US,ANALY_MWT2_VP,09-28-2021,0.04,-0.082,-0.02,0.964,-0.047,-0.052,-0.063,-0.112,0.01,-0.057,-0.03,0.026,-0.066,-0.051,-0.011,0.31,0.083,-0.105,0.175,0.197,0.204,-0.09,0.177,-0.101,0.101,0.189
12,MWT2_DATADISK,MWT2,US,MWT2,09-28-2021,0.04,-0.099,-0.02,0.964,0.115,0.549,0.028,0.888,0.333,0.605,0.047,0.095,-0.066,-0.051,-0.011,0.31,0.083,-0.105,0.175,0.197,0.204,-0.09,0.177,-0.101,0.101,1.5810000000000002
13,MWT2_DATADISK,MWT2,US,MWT2_VHIMEM_UCORE,09-28-2021,0.04,-0.082,-0.02,0.964,-0.047,-0.057,-0.066,-0.112,-0.076,-0.097,-0.049,-0.004,-0.066,-0.051,-0.011,0.31,0.083,-0.105,0.175,0.197,0.204,-0.09,0.177,-0.101,0.101,0.07299999999999998
14,SWT2_CPB_DATADISK,SWT2_CPB,US,ANALY_SWT2_CPB_VP,09-28-2021,0.04,-0.132,-0.02,-0.034,-0.047,-0.057,-0.064,-0.112,-0.086,-0.097,-0.048,-0.053,-0.017,-0.068,-0.026,0.31,0.004,-0.105,0.015,0.046,-0.014,-0.09,0.023,-0.101,0.101,-0.161
15,SWT2_CPB_DATADISK,SWT2_CPB,US,SWT2_CPB,09-28-2021,0.04,-0.132,-0.02,-0.034,0.007,0.049,0.092,0.099,-0.052,0.194,-0.022,0.103,-0.017,-0.068,-0.026,0.31,0.004,-0.105,0.015,0.046,-0.014,-0.09,0.023,-0.101,0.101,0.24000000000000002
16,SWT2_CPB_DATADISK,UTA_SWT2,US,UTA_SWT2_UCORE_RET,09-28-2021,0.04,-0.23,-0.02,0.114,-0.047,-0.019,-0.056,-0.076,0.143,-0.068,-0.049,0.104,-0.017,-0.068,-0.026,0.31,0.004,-0.105,0.015,0.046,-0.014,-0.09,0.023,-0.101,0.101,0.261
17,NDGF-T1_DATADISK,ARNES,ND,ARNES,09-28-2021,0.373,-0.166,-0.02,-0.036,-0.047,-0.028,0.034,0.041,-0.077,0.053,0.073,-0.026,-0.079,-0.067,-0.026,0.31,0.134,0.627,0.398,0.587,0.026,0.572,0.389,-0.101,0.101,0.41100000000000003
18,NDGF-T1_DATADISK,BOINC,CERN,BOINC_MCORE,09-28-2021,0.373,-0.166,-0.169,-0.036,0.926,0.942,0.934,-0.08,-0.03,0.899,-0.032,0.121,-0.079,-0.067,-0.026,0.31,0.134,0.627,0.398,0.587,0.026,0.572,0.389,-0.101,0.101,0.484
19,NDGF-T1_DATADISK,SE-SNIC-T2,ND,LUNARC,09-28-2021,0.04,0.023,-0.02,-0.036,-0.047,-0.058,-0.066,-0.112,-0.097,,0.022,-0.877,-0.079,-0.067,-0.026,0.31,0.134,0.627,0.398,0.587,0.026,0.572,0.389,-0.101,0.101,-0.6130000000000001
20,NDGF-T1_DATADISK,NDGF-T1,ND,NSC,09-28-2021,-0.294,0.301,-0.02,-0.036,-0.047,-0.04,-0.039,-0.065,-0.053,-0.026,-0.035,0.078,-0.079,-0.067,-0.026,0.31,0.134,0.627,0.398,0.587,0.026,0.572,0.389,-0.101,0.101,0.43300000000000005
21,NDGF-T1_DATADISK,SiGNET,ND,SiGNET,09-28-2021,0.04,-0.181,0.15,-0.036,-0.047,0.089,0.035,-0.062,-0.001,-0.05,0.029,-0.13,-0.079,-0.067,-0.026,0.31,0.134,0.627,0.398,0.587,0.026,0.572,0.389,-0.101,0.101,0.28
22,NDGF-T1_DATADISK,NDGF-T1,ND,UIO_CLOUD,09-28-2021,-0.294,0.301,-0.041,-0.036,-0.047,-0.038,0.014,-0.078,-0.081,-0.058,-0.048,0.102,-0.079,-0.067,-0.026,0.31,0.134,0.627,0.398,0.587,0.026,0.572,0.389,-0.101,0.101,0.41600000000000004
23,NDGF-T1_DATADISK,SiGNET,ND,Vega,09-28-2021,0.04,0.202,0.15,-0.036,-0.047,0.06,0.232,0.081,-0.072,0.275,0.052,0.068,-0.079,-0.067,-0.026,0.31,0.134,0.627,0.398,0.587,0.026,0.572,0.389,-0.101,0.101,0.55
24,FZK-LCG2_DATADISK,AZ-IFAN,NL,AZ-IFAN,09-28-2021,0.373,-0.166,-0.169,-0.036,0.169,-0.055,-0.066,-0.102,0.111,-0.081,-0.028,-0.08,-0.046,-0.067,-0.026,0.31,0.182,0.621,0.3,0.291,0.204,0.49,0.286,-0.101,0.101,0.30400000000000005
25,FZK-LCG2_DATADISK,FZK-LCG2,DE,DE-TARDIS,09-28-2021,-0.294,0.032,-0.02,-0.036,-0.047,-0.044,-0.055,-0.055,-0.015,-0.082,-0.041,0.008,-0.046,-0.067,-0.026,0.31,0.182,0.621,0.3,0.291,0.204,0.49,0.286,-0.101,0.101,0.313
26,FZK-LCG2_DATADISK,FZK-LCG2,DE,FZK-LCG2,09-28-2021,-0.294,-0.135,-0.02,-0.036,-0.047,0.047,0.143,0.004,-0.064,0.142,0.262,-0.095,-0.046,-0.067,-0.026,0.31,0.182,0.621,0.3,0.291,0.204,0.49,0.286,-0.101,0.101,0.22
27,AUSTRALIA-ATLAS_DATADISK,Australia-ATLAS,CA,Australia-ATLAS,09-28-2021,0.04,-0.059,-0.02,-0.036,-0.047,-0.044,-0.048,-0.104,-0.047,-0.062,-0.046,0.091,0.053,-0.056,-0.081,-0.261,-0.153,-0.105,-0.225,-0.15,-0.035,-0.09,-0.215,0.024,-0.024,-0.39
28,BNL-OSG2_DATADISK,BNL-ATLAS,US,BNL,09-28-2021,-0.294,0.042,-0.02,-0.036,0.277,0.291,0.189,0.621,-0.005,0.52,0.007,0.105,-0.112,0.331,0.337,0.31,0.672,-0.105,0.626,-0.139,0.604,-0.09,0.579,-0.226,0.226,1.9100000000000001
29,BNL-OSG2_DATADISK,BNL-ATLAS,US,BNL_VHIMEM,09-28-2021,-0.294,0.042,-0.02,-0.036,-0.047,-0.058,-0.066,-0.112,-0.091,-0.1,-0.053,0.115,-0.112,0.331,0.337,0.31,0.672,-0.105,0.626,-0.139,0.604,-0.09,0.579,-0.226,0.226,1.101
30,CA-UVIC-CLOUD_DATADISK,CA-TRIUMF-DYNAFED,CA,CA-TRIUMF-DYNAFED,09-28-2021,0.373,-0.166,-0.063,-0.036,0.115,-0.057,-0.066,-0.112,-0.097,-0.096,-0.043,-0.127,0.143,-0.067,-0.14,-0.688,-0.099,-0.105,-0.285,-0.323,-0.048,-0.09,-0.269,0.774,-0.774,-1.5350000000000001
31,CA-VICTORIA-WESTGRID-T2_DATADISK,CA-VICTORIA-WESTGRID-T2,CA,CA-VICTORIA-K8S-T2,09-28-2021,0.04,-0.088,-0.02,-0.036,-0.047,0.003,-0.016,0.047,-0.016,0.002,-0.023,0.068,-0.048,-0.064,-0.08,-0.191,-0.163,-0.105,-0.215,-0.115,-0.03,-0.09,-0.205,0.024,-0.024,-0.22
32,CA-WATERLOO-T2_DATADISK,CA-WATERLOO-T2,CA,CA-WATERLOO-T2,09-28-2021,0.04,0.182,-0.02,-0.036,-0.047,-0.041,-0.033,-0.089,-0.097,-0.036,-0.039,0.083,0.156,-0.064,-0.056,0.021,-0.189,-0.105,-0.185,-0.029,-0.008,-0.09,-0.179,0.024,-0.024,-0.368
33,CSCS-LCG2_DATADISK,CSCS-LCG2,DE,CSCS-LCG2,09-28-2021,0.04,0.024,-0.02,-0.036,-0.047,-0.031,-0.004,-0.016,-0.069,-0.023,-0.049,0.116,-0.093,-0.064,-0.042,0.147,-0.047,-0.105,-0.168,-0.255,0.099,-0.09,-0.166,0.024,-0.024,-0.203
34,CYFRONET-LCG2_DATADISK,CYFRONET-LCG2,DE,CYFRONET,09-28-2021,0.04,0.159,0.15,-0.036,-0.047,-0.038,-0.053,-0.071,-0.002,-0.076,-0.046,0.075,0.256,-0.064,-0.071,-0.107,-0.194,0.021,-0.2,-0.024,-0.122,0.0,-0.192,0.024,-0.024,-0.29300000000000004
35,DESY-HH_DATADISK,DESY-HH,DE,DESY-HH,09-28-2021,0.04,-0.036,-0.02,-0.036,-0.047,0.252,-0.046,0.17,0.903,0.164,-0.015,0.095,-0.066,-0.053,-0.043,0.043,-0.053,-0.105,-0.182,-0.252,-0.033,-0.09,-0.176,-0.101,0.101,1.044
36,DESY-ZN_DATADISK,DESY-ZN,DE,DESY-ZN,09-28-2021,0.04,0.68,-0.02,-0.036,-0.047,0.047,-0.026,0.226,0.001,0.086,-0.042,0.114,-0.101,-0.054,-0.046,0.024,-0.033,-0.047,-0.185,-0.278,-0.047,-0.082,-0.178,-0.101,0.101,0.21100000000000005
37,EELA-UTFSM_DATADISK,EELA-UTFSM,ES,EELA-UTFSM,09-28-2021,0.04,-0.045,-0.02,-0.036,-0.047,-0.053,-0.065,-0.107,0.094,-0.091,-0.05,0.075,0.424,-0.055,-0.114,-0.555,-0.13,-0.105,-0.267,-0.246,-0.073,-0.09,-0.252,0.274,-0.274,-0.5930000000000001
38,FMPHI-UNIBA_DATADISK,FMPhI-UNIBA,DE,FMPhI-UNIBA,09-28-2021,0.04,-0.126,-0.02,-0.036,-0.047,-0.049,-0.042,-0.084,-0.074,-0.084,-0.052,0.117,0.123,-0.066,-0.115,-0.483,-0.124,-0.105,-0.256,-0.239,-0.048,-0.09,-0.242,0.149,-0.149,-0.561
39,GRIF-IRFU_DATADISK,GRIF,FR,GRIF-IRFU,09-28-2021,0.04,-0.085,-0.02,-0.036,-0.047,0.018,-0.054,-0.016,0.31,-0.04,-0.044,0.096,-0.055,-0.026,-0.023,0.004,-0.043,-0.105,-0.188,-0.25,-0.278,-0.09,-0.176,-0.101,0.101,0.28
40,GRIF-LAL_DATADISK,GRIF,FR,GRIF-LAL,09-28-2021,0.04,-0.166,-0.02,-0.036,0.277,-0.006,-0.056,-0.056,0.224,-0.045,0.001,-0.047,0.09,-0.042,-0.06,-0.188,-0.163,-0.105,-0.215,-0.118,-0.08,-0.09,-0.206,0.149,-0.149,-0.303
41,GRIF-LPNHE_DATADISK,GRIF,FR,GRIF-LPNHE,09-28-2021,0.04,-0.085,-0.02,-0.036,-0.047,-0.016,-0.047,-0.039,0.04,-0.04,-0.048,0.111,0.051,-0.065,-0.083,-0.204,-0.161,-0.105,-0.217,-0.113,-0.071,-0.09,-0.206,0.024,-0.024,-0.212
42,GOEGRID_DATADISK,GoeGrid,DE,GoeGrid,09-28-2021,0.04,-0.243,-0.02,-0.036,-0.047,-0.048,-0.051,-0.065,-0.054,-0.065,0.113,-0.371,0.074,0.229,0.212,0.024,-0.192,-0.032,-0.182,-0.226,0.196,-0.007,-0.219,0.024,-0.024,-0.48400000000000004
43,LRZ-LMU_DATADISK,HEPHY-UIBK,DE,HEPHY-UIBK,09-28-2021,0.04,-0.285,-0.02,-0.036,-0.047,-0.025,-0.055,-0.088,0.097,-0.088,0.051,-0.49,0.044,-0.012,-0.008,0.026,-0.067,-0.105,-0.185,-0.253,-0.049,-0.09,-0.183,-0.101,0.101,-0.573
44,LRZ-LMU_DATADISK,LRZ-LMU,DE,LRZ-LMU,09-28-2021,0.04,-0.184,-0.02,-0.036,-0.047,-0.023,0.01,-0.095,-0.067,-0.052,0.004,-0.072,0.044,-0.012,-0.008,0.026,-0.067,-0.105,-0.185,-0.253,-0.049,-0.09,-0.183,-0.101,0.101,-0.32600000000000007
45,BEIJING-LCG2_DATADISK,HK-LCG2,FR,HONGKONG,09-28-2021,0.04,-0.166,-0.02,-0.036,0.169,-0.033,-0.058,-0.034,0.098,-0.076,-0.046,0.072,0.055,-0.067,-0.126,-0.568,-0.121,-0.105,-0.268,-0.263,-0.031,-0.09,-0.254,0.149,-0.149,-0.40700000000000003
46,IEPSAS-KOSICE_DATADISK,IEPSAS-Kosice,DE,IEPSAS-Kosice,09-28-2021,0.04,0.295,-0.02,-0.036,-0.047,-0.053,-0.056,-0.092,-0.068,-0.081,-0.05,0.103,0.128,-0.037,-0.072,-0.33,-0.144,-0.105,-0.235,-0.174,-0.132,-0.09,-0.223,0.149,-0.149,-0.513
47,IFIC-LCG2_DATADISK,IFIC-LCG2,ES,IFIC,09-28-2021,0.04,0.064,-0.02,-0.036,-0.047,-0.01,-0.002,0.046,-0.059,0.092,-0.017,0.086,-0.105,-0.065,-0.039,0.177,-0.006,-0.105,-0.163,-0.276,-0.127,-0.09,-0.155,-0.101,0.101,-0.027999999999999997
48,IFIC-LCG2_DATADISK,IFIC-LCG2,ES,IFIC_MareNostrum4,09-28-2021,0.04,0.356,0.831,-0.036,-0.047,-0.056,-0.06,-0.062,-0.097,-0.093,-0.051,0.094,-0.105,-0.065,-0.039,0.177,-0.006,-0.105,-0.163,-0.276,-0.127,-0.09,-0.155,-0.101,0.101,-0.166
49,TECHNION-HEP_DATADISK,IL-TAU-HEP,NL,IL-TAU,09-28-2021,0.04,-0.166,-0.02,-0.036,-0.047,-0.048,-0.061,-0.091,0.031,-0.075,0.005,-0.193,-0.055,0.196,0.175,-0.032,-0.178,-0.105,-0.193,-0.205,-0.03,-0.09,-0.215,0.149,-0.149,-0.42000000000000004
50,TECHNION-HEP_DATADISK,TECHNION-HEP,NL,TECHNION,09-28-2021,0.04,-0.03,-0.02,-0.036,-0.047,-0.033,-0.051,-0.036,0.01,-0.047,-0.05,0.113,-0.055,0.196,0.175,-0.032,-0.178,-0.105,-0.193,-0.205,-0.03,-0.09,-0.215,0.149,-0.149,-0.07999999999999999
51,TECHNION-HEP_DATADISK,WEIZMANN-LCG2,NL,WEIZMANN,09-28-2021,0.04,-0.03,-0.02,-0.036,-0.047,-0.051,-0.029,-0.015,-0.085,-0.062,-0.047,0.096,-0.055,0.196,0.175,-0.032,-0.178,-0.105,-0.193,-0.205,-0.03,-0.09,-0.215,0.149,-0.149,-0.171
52,IN2P3-CC_DATADISK,IN2P3-CC,FR,IN2P3-CC,09-28-2021,-0.294,-0.02,-0.02,-0.036,-0.074,0.151,0.067,0.453,0.008,0.195,0.012,0.08,-0.034,-0.053,-0.013,0.31,0.199,0.895,0.372,0.529,-0.062,0.209,0.376,-0.101,0.101,1.0010000000000001
53,IN2P3-CPPM_DATADISK,IN2P3-CPPM,FR,IN2P3-CPPM,09-28-2021,0.04,-0.098,-0.02,-0.036,-0.047,0.009,0.009,-0.039,-0.038,-0.022,-0.044,0.101,-0.075,-0.062,-0.051,0.054,-0.026,-0.105,-0.181,-0.285,-0.05,-0.09,-0.173,0.024,-0.024,-0.23199999999999998
54,IN2P3-LAPP_DATADISK,IN2P3-LAPP,FR,IN2P3-LAPP,09-28-2021,0.04,-0.05,-0.02,-0.036,-0.047,0.024,-0.048,0.048,0.203,0.021,-0.03,0.086,-0.066,-0.042,-0.007,0.27,-0.015,-0.105,-0.15,-0.263,-0.076,-0.09,-0.147,0.024,-0.024,0.15600000000000003
55,IN2P3-LPC_DATADISK,IN2P3-LPC,FR,IN2P3-LPC,09-28-2021,0.04,-0.004,-0.02,-0.036,-0.047,-0.011,-0.046,-0.053,0.057,-0.032,-0.048,0.111,0.084,-0.066,-0.075,-0.13,-0.169,-0.105,-0.207,-0.085,-0.057,-0.09,-0.196,0.024,-0.024,-0.19099999999999998
56,IN2P3-LPC_DATADISK,IN2P3-LPC,FR,IN2P3-LPC-MUC2A,09-28-2021,0.373,-0.166,-0.02,-0.036,-0.047,-0.052,-0.055,-0.089,-0.066,-0.097,-0.052,0.098,0.084,-0.066,-0.075,-0.13,-0.169,-0.105,-0.207,-0.085,-0.057,-0.09,-0.196,0.024,-0.024,-0.363
57,IN2P3-LPSC_DATADISK,IN2P3-LPSC,FR,IN2P3-LPSC,09-28-2021,0.04,-0.059,-0.02,-0.036,-0.047,-0.032,-0.048,-0.087,-0.003,-0.077,-0.051,0.113,0.125,-0.059,-0.09,-0.313,-0.141,-0.105,-0.232,-0.18,-0.031,-0.09,-0.222,-0.101,0.101,-0.19799999999999998
58,INFN-T1_DATADISK,INFN-T1,IT,INFN-CNAF,09-28-2021,-0.294,-0.069,-0.02,-0.036,-0.047,-0.007,0.089,0.193,-0.075,0.015,-0.037,0.097,-0.076,-0.024,0.014,0.31,0.153,-0.105,0.03,-0.19,-0.045,-0.09,0.033,-0.101,0.101,0.36
59,INFN-COSENZA_DATADISK,INFN-COSENZA,IT,INFN-COSENZA-RECAS,09-28-2021,0.373,-0.282,-0.02,-0.036,-0.047,-0.025,-0.064,0.076,0.639,-0.05,-0.052,0.123,-0.031,-0.067,-0.128,-0.581,-0.126,-0.105,-0.27,-0.267,0.018,-0.09,-0.257,0.149,-0.149,0.2909999999999999
60,INFN-FRASCATI_DATADISK,INFN-FRASCATI,IT,INFN-FRASCATI,09-28-2021,0.04,-0.085,-0.02,-0.036,-0.047,-0.036,-0.051,-0.071,-0.005,-0.083,-0.052,0.118,0.05,-0.052,-0.068,-0.178,-0.162,-0.105,-0.213,-0.125,-0.0,-0.09,-0.206,0.024,-0.024,-0.263
61,INFN-GENOVA_DATADISK,INFN-GENOVA,IT,INFN-GENOVA,09-28-2021,0.373,-0.166,-0.02,-0.036,-0.047,-0.056,-0.059,-0.104,-0.084,-0.099,-0.047,-0.183,-0.107,-0.066,-0.14,-0.689,-0.1,-0.105,-0.285,-0.322,-0.053,-0.09,-0.269,0.274,-0.274,-1.07
62,INFN-MILANO-ATLASC_DATADISK,INFN-MILANO-ATLASC,IT,INFN-MILANO-ATLASC,09-28-2021,0.04,0.024,-0.02,-0.036,-0.047,-0.029,-0.032,-0.059,-0.041,-0.068,-0.036,0.03,0.848,0.051,0.03,-0.141,-0.17,-0.105,-0.208,-0.155,-0.047,-0.09,-0.212,0.024,-0.024,-0.272
63,INFN-NAPOLI-ATLAS_DATADISK,INFN-NAPOLI-ATLAS,IT,INFN-NAPOLI-ATLAS,09-28-2021,0.04,-0.178,-0.02,-0.036,-0.047,-0.038,-0.046,-0.098,-0.034,-0.061,-0.031,0.023,-0.059,-0.056,-0.049,0.014,-0.031,-0.001,-0.182,-0.286,-0.066,0.03,-0.179,0.024,-0.024,-0.36400000000000005
64,INFN-ROMA1_DATADISK,INFN-ROMA1,IT,INFN-ROMA1,09-28-2021,0.04,-0.102,-0.02,-0.036,-0.047,0.011,-0.056,-0.053,0.335,0.003,-0.037,0.093,-0.112,-0.043,-0.057,-0.159,-0.045,-0.105,-0.211,-0.315,-0.025,-0.09,-0.204,0.149,-0.149,-0.041999999999999926
65,INFN-ROMA3_DATADISK,INFN-ROMA3,IT,INFN-ROMA3,09-28-2021,0.373,-0.166,-0.02,-0.036,-0.047,-0.054,-0.058,-0.107,-0.067,-0.099,-0.052,0.096,-0.116,-0.066,-0.139,-0.69,-0.099,-0.105,-0.286,-0.323,-0.053,-0.09,-0.269,0.274,-0.274,-0.777
66,JINR-LCG2_DATADISK,JINR-LCG2,RU,JINR,09-28-2021,0.04,-0.006,-0.02,-0.036,-0.047,-0.046,-0.055,-0.028,-0.043,-0.067,-0.049,0.102,0.079,-0.044,-0.084,-0.384,-0.137,-0.105,-0.242,-0.148,-0.396,-0.09,-0.22,-0.101,0.101,-0.19399999999999998
67,MPPMU_DATADISK,MPPMU,DE,MPPMU,09-28-2021,0.04,-0.069,-0.02,-0.036,-0.047,-0.046,-0.049,-0.079,-0.054,-0.059,-0.012,-0.045,-0.092,-0.024,-0.015,0.06,-0.047,0.11,-0.173,-0.269,-0.03,0.121,-0.178,0.024,-0.024,-0.39
68,NESE_DATADISK,BU_ATLAS_Tier2,US,NET2,09-28-2021,0.04,-0.11,-0.02,0.214,0.007,-0.006,0.018,0.046,-0.056,0.117,0.106,-0.011,0.215,-0.007,0.03,0.31,-0.067,-0.105,-0.078,-0.06,-0.026,-0.09,-0.079,0.149,-0.149,-0.218
69,NET2_DATADISK,BU_ATLAS_Tier2,US,NET2,09-28-2021,0.04,-0.11,-0.02,0.214,0.007,-0.006,0.018,0.046,-0.056,0.117,0.106,-0.011,-0.103,-0.095,-0.051,0.31,0.011,-0.105,-0.095,-0.193,0.078,-0.09,-0.09,-0.101,0.101,-0.066
70,OU_OSCER_ATLAS_DATADISK,OU_OSCER_ATLAS,US,OU_OSCER_ATLAS,09-28-2021,0.04,-0.032,-0.02,-0.036,-0.047,-0.05,-0.026,-0.097,-0.084,-0.08,-0.052,0.122,-0.108,-0.005,-0.065,-0.525,-0.126,-0.105,-0.262,-0.28,-0.045,-0.09,-0.255,0.149,-0.149,-0.535
71,OU_OSCER_ATLAS_DATADISK,OU_OSCER_ATLAS,US,OU_OSCER_ATLAS_OPP,09-28-2021,0.04,-0.032,,-0.036,-0.047,-0.057,-0.066,-0.112,-0.043,-0.095,-0.051,0.087,-0.108,-0.005,-0.065,-0.525,-0.126,-0.105,-0.262,-0.28,-0.045,-0.09,-0.255,0.149,-0.149,-0.544
72,RAL-LCG2-ECHO_DATADISK,RAL-LCG2,UK,RAL,09-28-2021,-0.294,-0.034,-0.02,-0.036,0.007,0.079,0.143,0.009,-0.053,0.356,0.055,0.077,-0.036,-0.079,-0.037,0.31,0.235,-0.105,0.436,0.541,-0.053,-0.09,0.454,-0.101,0.101,0.533
73,RO-07-NIPNE_DATADISK,RO-16-UAIC,FR,RO-16-UAIC,09-28-2021,0.04,-0.181,-0.02,-0.036,0.115,-0.049,-0.058,-0.082,-0.036,-0.088,-0.05,0.088,0.23,-0.059,-0.036,0.153,-0.21,-0.105,-0.167,0.03,0.0,-0.09,-0.163,0.024,-0.024,-0.257
74,RO-07-NIPNE_DATADISK,RO-07-NIPNE,FR,ROMANIA07_HTCondor,09-28-2021,0.04,-0.127,-0.02,-0.036,-0.047,-0.008,-0.037,0.025,0.015,-0.044,-0.048,0.107,0.23,-0.059,-0.036,0.153,-0.21,-0.105,-0.167,0.03,0.0,-0.09,-0.163,0.024,-0.024,-0.08000000000000002
75,RRC-KI-T1_DATADISK,RRC-KI-T1,RU,RRC-KI-T1,09-28-2021,-0.294,0.26,-0.02,-0.036,-0.047,-0.034,0.023,-0.041,-0.079,-0.03,-0.029,0.059,-0.013,-0.015,0.022,0.31,0.045,-0.105,-0.071,-0.223,-0.048,-0.09,-0.071,-0.101,0.101,-0.008999999999999994
76,PIC_DATADISK,SAMPA,ES,SAMPA,09-28-2021,0.04,0.113,-0.02,-0.036,-0.047,-0.046,-0.002,0.068,-0.085,-0.09,-0.036,-0.108,-0.087,-0.058,-0.017,0.31,-0.003,-0.105,-0.137,-0.264,0.01,-0.09,-0.135,-0.101,0.101,-0.17800000000000002
77,PIC_DATADISK,pic,ES,pic,09-28-2021,-0.294,0.113,-0.02,-0.036,-0.047,-0.017,0.005,-0.051,-0.059,-0.008,0.03,-0.037,-0.087,-0.058,-0.017,0.31,-0.003,-0.105,-0.137,-0.264,0.01,-0.09,-0.135,-0.101,0.101,-0.19999999999999998
78,SAMPA_DATADISK,SAMPA,ES,SAMPA,09-28-2021,0.04,0.113,-0.02,-0.036,-0.047,-0.046,-0.002,0.068,-0.085,-0.09,-0.036,-0.108,-0.035,-0.03,-0.095,-0.591,-0.107,-0.105,-0.272,-0.309,-0.053,-0.09,-0.26,0.774,-0.774,-1.266
79,SLACXRD_DATADISK,WT2,US,SLAC,09-28-2021,0.373,0.612,-0.105,-0.034,-0.047,-0.05,-0.046,-0.088,-0.073,-0.078,-0.05,0.101,-0.117,-0.06,-0.124,-0.608,-0.117,-0.105,-0.274,-0.286,-0.016,-0.09,-0.26,-0.101,0.101,-0.357
80,SLACXRD_DATADISK,WT2,US,SLAC_ES,09-28-2021,0.373,0.612,-0.105,-0.034,-0.047,-0.058,-0.066,-0.112,-0.097,-0.101,,-0.877,-0.117,-0.06,-0.124,-0.608,-0.117,-0.105,-0.274,-0.286,-0.016,-0.09,-0.26,-0.101,0.101,-1.383
81,TOKYO-LCG2_DATADISK,TOKYO-LCG2,FR,TOKYO,09-28-2021,0.04,0.474,-0.02,-0.036,0.061,0.032,0.009,0.455,-0.097,0.176,-0.018,0.098,-0.048,-0.044,-0.004,0.31,0.032,0.209,0.039,0.041,-0.02,0.107,0.037,-0.101,0.101,0.592
82,TRIUMF-LCG2_DATADISK,TRIUMF-LCG2,CA,TRIUMF,09-28-2021,-0.294,0.554,-0.02,-0.036,0.115,0.082,0.044,0.229,-0.012,0.19,-0.025,0.105,-0.061,-0.06,-0.019,0.31,0.186,0.81,0.185,0.032,-0.004,0.91,0.16,-0.101,0.101,0.589
83,TRIUMF-LCG2_DATADISK,TRIUMF-LCG2,CA,TRIUMF_SIM,09-28-2021,-0.294,0.554,-0.063,-0.036,-0.047,-0.043,0.009,-0.081,-0.084,-0.082,-0.048,0.073,-0.061,-0.06,-0.019,0.31,0.186,0.81,0.185,0.032,-0.004,0.91,0.16,-0.101,0.101,0.175
84,TAIWAN-LCG2_DATADISK,TW-FTT,TW,TW-FTT,09-28-2021,0.04,-0.155,-0.02,-0.036,-0.047,-0.045,-0.031,-0.094,-0.073,-0.072,-0.032,-0.006,0.194,0.905,0.86,0.31,-0.328,-0.105,0.138,0.309,-0.13,-0.09,0.041,0.024,-0.024,0.801
85,TAIWAN-LCG2_DATADISK,Taiwan-LCG2,TW,Taiwan-LCG2,09-28-2021,-0.294,0.045,-0.02,-0.036,0.007,-0.019,-0.056,0.006,0.146,-0.061,-0.05,0.112,0.194,0.905,0.86,0.31,-0.328,-0.105,0.138,0.309,-0.13,-0.09,0.041,0.024,-0.024,1.238
86,TAIWAN-LCG2_DATADISK,Taiwan-LCG2,TW,Taiwan-LCG2-HPC2_Unified,09-28-2021,-0.294,0.319,-0.02,-0.036,0.007,-0.055,-0.049,-0.107,-0.086,-0.085,-0.051,0.099,0.194,0.905,0.86,0.31,-0.328,-0.105,0.138,0.309,-0.13,-0.09,0.041,0.024,-0.024,0.88
87,TAIWAN-LCG2_DATADISK,Taiwan-LCG2,TW,Taiwan-LCG2-HPC_Unified,09-28-2021,-0.294,0.319,-0.02,-0.036,0.007,-0.049,-0.042,-0.064,-0.074,-0.085,-0.042,0.0,0.194,0.905,0.86,0.31,-0.328,-0.105,0.138,0.309,-0.13,-0.09,0.041,0.024,-0.024,0.836
88,UAM-LCG2_DATADISK,UAM-LCG2,ES,UAM_MareNostrum4,09-28-2021,0.04,0.356,0.831,-0.036,-0.047,-0.056,-0.064,-0.084,-0.097,-0.095,-0.05,0.049,0.047,-0.048,-0.081,-0.329,-0.073,-0.105,-0.235,-0.305,-0.01,-0.09,-0.226,-0.101,0.101,-0.347
89,UKI-LT2-BRUNEL_DATADISK,UKI-LT2-Brunel,UK,UKI-LT2-Brunel_SL7_UCORE,09-28-2021,0.373,-0.015,-0.02,-0.036,0.007,-0.049,-0.06,-0.101,-0.011,-0.094,-0.048,0.018,-0.114,-0.064,-0.136,-0.681,-0.1,-0.105,-0.284,-0.32,-0.057,-0.09,-0.268,0.274,-0.274,-0.788
90,UKI-LT2-QMUL_DATADISK,UKI-LT2-IC-HEP,UK,UKI-LT2-IC-HEP_SL7_UCORE,09-28-2021,0.373,-0.133,-0.02,-0.036,0.007,-0.055,-0.065,-0.088,-0.022,-0.015,-0.04,0.095,-0.081,-0.067,-0.025,0.31,0.013,-0.105,-0.116,-0.243,0.012,-0.09,-0.113,0.024,-0.024,-0.18
91,UKI-LT2-QMUL_DATADISK,UKI-LT2-QMUL,UK,UKI-LT2-QMUL,09-28-2021,0.04,0.266,-0.02,-0.036,-0.047,-0.02,0.06,0.134,-0.087,0.015,-0.023,0.073,-0.081,-0.067,-0.025,0.31,0.013,-0.105,-0.116,-0.243,0.012,-0.09,-0.113,0.024,-0.024,-0.045000000000000005
92,UKI-LT2-RHUL_DATADISK,UKI-LT2-RHUL,UK,UKI-LT2-RHUL,09-28-2021,0.04,-0.108,-0.02,-0.036,-0.047,0.03,-0.038,-0.08,0.105,0.002,-0.027,0.074,0.044,-0.065,-0.107,-0.416,-0.132,-0.105,-0.247,-0.191,-0.17,-0.09,-0.23,0.024,-0.024,-0.279
93,UKI-NORTHGRID-LANCS-HEP_DATADISK,UKI-NORTHGRID-LANCS-HEP,UK,UKI-NORTHGRID-LANCS-HEP,09-28-2021,0.04,0.236,-0.02,-0.036,0.169,0.072,-0.026,0.089,0.119,0.145,-0.044,0.118,-0.056,0.299,0.271,-0.008,-0.178,0.104,-0.182,-0.251,-0.053,0.126,-0.222,0.024,-0.024,0.39099999999999996
94,UKI-NORTHGRID-LIV-HEP_DATADISK,UKI-NORTHGRID-LIV-HEP,UK,UKI-NORTHGRID-LIV-HEP,09-28-2021,0.04,-0.148,-0.02,-0.036,0.007,-0.016,-0.063,0.003,0.591,-0.052,-0.051,0.117,0.022,-0.067,-0.111,-0.435,-0.127,-0.105,-0.25,-0.219,-0.065,-0.09,-0.235,0.149,-0.149,0.20099999999999998
95,UKI-NORTHGRID-MAN-HEP_DATADISK,UKI-NORTHGRID-MAN-HEP,UK,UKI-NORTHGRID-MAN-HEP,09-28-2021,0.04,-0.073,-0.02,-0.036,0.169,0.018,-0.02,0.082,0.011,0.09,0.494,-0.259,-0.072,-0.066,-0.025,0.31,0.035,-0.105,-0.074,-0.195,0.026,-0.09,-0.07,-0.101,0.101,-0.16399999999999995
96,UKI-SCOTGRID-DURHAM_DATADISK,UKI-SCOTGRID-DURHAM,UK,UKI-SCOTGRID-DURHAM_SL7_UCORE,09-28-2021,0.373,0.097,-0.02,-0.036,-0.047,-0.038,-0.015,-0.029,-0.072,-0.043,-0.03,0.049,-0.106,-0.066,-0.129,-0.594,-0.121,-0.105,-0.272,-0.257,-0.107,-0.09,-0.255,0.149,-0.149,-0.602
97,UKI-SCOTGRID-ECDF_DATADISK,UKI-SCOTGRID-ECDF,UK,UKI-SCOTGRID-ECDF,09-28-2021,0.04,0.376,-0.02,-0.036,0.007,-0.032,-0.045,-0.026,-0.016,-0.064,-0.042,0.07,0.096,-0.066,-0.109,-0.425,-0.126,-0.105,-0.248,-0.217,-0.08,-0.09,-0.234,0.024,-0.024,-0.353
98,UKI-SCOTGRID-ECDF_DATADISK,UKI-SCOTGRID-ECDF,UK,UKI-SCOTGRID-ECDF_CLOUD,09-28-2021,0.04,0.376,-0.02,-0.036,0.007,-0.054,-0.056,-0.087,-0.076,-0.093,-0.044,-0.041,0.096,-0.066,-0.109,-0.425,-0.126,-0.105,-0.248,-0.217,-0.08,-0.09,-0.234,0.024,-0.024,-0.585
99,UKI-SCOTGRID-GLASGOW-CEPH_DATADISK,UKI-SCOTGRID-GLASGOW,UK,UKI-SCOTGRID-GLASGOW_CEPH,09-28-2021,0.04,-0.263,-0.02,-0.036,0.115,0.164,0.151,0.255,-0.029,0.032,-0.03,0.09,0.121,-0.057,-0.055,-0.024,-0.196,-0.105,-0.192,-0.024,-0.053,-0.09,-0.184,-0.101,0.101,0.17
100,UKI-SOUTHGRID-RALPP_DATADISK,UKI-SOUTHGRID-RALPP,UK,UKI-SOUTHGRID-RALPP,09-28-2021,0.04,-0.166,-0.02,-0.036,0.007,-0.021,-0.047,0.033,0.026,-0.068,-0.009,-0.091,-0.079,0.068,0.007,-0.476,-0.123,-0.105,-0.255,-0.304,-0.117,-0.09,-0.255,0.024,-0.024,-0.30400000000000005
101,UNI-FREIBURG_DATADISK,UNI-FREIBURG,DE,UNI-FREIBURG,09-28-2021,0.04,-0.244,-0.02,-0.036,-0.047,-0.014,-0.049,-0.023,0.068,-0.027,-0.024,0.049,-0.088,-0.048,-0.055,-0.091,-0.04,-0.105,-0.201,-0.302,-0.045,-0.09,-0.194,-0.101,0.101,-0.061
102,UNIBE-LHEP_DATADISK,UNIBE-LHEP,ND,UNIBE-LHEP,09-28-2021,0.04,-0.013,-0.02,-0.036,-0.047,-0.037,0.02,-0.057,-0.081,-0.062,-0.036,0.042,0.098,-0.067,-0.08,-0.167,-0.166,-0.105,-0.212,-0.072,-0.214,-0.09,-0.196,0.024,-0.024,-0.41200000000000003
103,UNIBE-LHEP_DATADISK,UNIBE-LHEP,ND,UNIBE-LHEP-UBELIX_MCORE_LOPRI,09-28-2021,0.04,0.546,-0.02,-0.036,-0.047,-0.058,-0.066,-0.112,-0.097,-0.093,-0.048,0.022,0.098,-0.067,-0.08,-0.167,-0.166,-0.105,-0.212,-0.072,-0.214,-0.09,-0.196,0.024,-0.024,-0.503
104,UTA_SWT2_DATADISK,UTA_SWT2,US,UTA_SWT2_UCORE,09-28-2021,0.04,-0.23,-0.02,0.114,-0.047,-0.057,-0.066,-0.112,-0.086,-0.1,,-0.877,-0.152,0.024,-0.046,-0.591,-0.118,-0.105,-0.272,-0.323,-0.047,-0.09,-0.267,0.149,-0.149,-1.542
105,ZA-WITS-CORE_DATADISK,ZA-WITS-CORE,NL,ZA-WITS-CORE,09-28-2021,0.373,-0.166,-0.169,-0.036,-0.047,-0.055,-0.065,-0.09,0.05,-0.095,-0.052,0.103,0.639,-0.056,-0.127,-0.655,-0.107,-0.105,-0.281,-0.309,-0.052,-0.09,-0.266,0.274,-0.274,-0.619
106,IFAE_DATADISK,ifae,ES,ifae,09-28-2021,0.04,0.113,-0.02,-0.036,-0.047,-0.052,-0.04,-0.093,-0.084,-0.084,-0.041,-0.002,0.021,-0.06,-0.111,-0.495,-0.124,-0.105,-0.258,-0.244,-0.05,-0.09,-0.245,0.024,-0.024,-0.5720000000000001
107,PRAGUELCG2_DATADISK,praguelcg2,DE,praguelcg2,09-28-2021,0.04,-0.122,-0.02,-0.036,-0.047,-0.047,-0.028,-0.074,-0.079,-0.073,-0.041,0.042,-0.115,-0.066,-0.066,-0.051,-0.029,0.104,-0.187,-0.294,-0.086,0.153,-0.185,-0.101,0.101,-0.263
108,WUPPERTALPROD_DATADISK,wuppertalprod,DE,wuppertal,09-28-2021,0.04,-0.181,-0.02,-0.036,-0.047,0.043,0.088,0.082,-0.053,0.105,0.829,-0.357,-0.06,-0.067,-0.06,0.01,-0.055,-0.105,-0.187,-0.246,-0.04,-0.09,-0.179,-0.101,0.101,-0.474
